id,first_name,last_name,email,country
1,Piet,Hein,phein@gmail.com,France
2,Jan,Kort,jkort@gmail.com,United States
3,Maria,Bernard,mbernard@gmail.com,Belgium
4,Susan,Zusteren,szusteren@gmail.com,Netherlands
5,Edwin,Jansen,ejansen@outlook.com,United Kingdom
